"Source:","C:\Users\joshu\OneDrive\Documents\KiCad\KiCad Projects\Mini ATV Project - Joshua Makuch\Mini ATV Project - Joshua Makuch.kicad_sch"
"Date:","12/12/2023 11:22:50 PM"
"Tool:","Eeschema (6.0.10)"
"Generator:","C:\Program Files\KiCad\6.0\bin\scripting\plugins/bom_csv_grouped_by_value.py"
"Component Count:","79"

"Individual Components:"

"Item","Qty","Reference(s)","Value","LibPart","Footprint","Datasheet","Spice_Netlist_Enabled","Spice_Primitive"
"","","BAR1","IEEE7164-11","LED:HDSP-4830_2","Display:HDSP-4830","https://docs.broadcom.com/docs/AV02-1798EN","",""
"","","C1","1uF","Device:C_Small","","~","",""
"","","C2","0.1uF","Device:C_Small","","~","",""
"","","C3","0.1uF","Device:C_Small","","~","",""
"","","C4","0.1uF","Device:C_Small","","~","",""
"","","C5","0.1uF","Device:C_Small","","~","",""
"","","C6","0.1uF","Device:C_Small","","~","",""
"","","C7","0.1uF","Device:C_Small","","~","",""
"","","C8","10uF","Device:C_Polarized_Small_US","","~","",""
"","","C9","0.1uF","Device:C_Small","","~","",""
"","","C10","0.1uF","Device:C_Small","","~","",""
"","","C11","10uF","Device:C_Polarized_Small_US","","~","",""
"","","C12","1uF","Device:C_Small","","~","",""
"","","D1","1n4148","Simulation_SPICE:DIODE","","~","Y","D"
"","","J1","Program","Custom Components:5PinHeader","","","",""
"","","J2","Power Connector","Custom Components:Power Connector","","","",""
"","","J3","I2C Header","Custom Components:4PinHeader","","","",""
"","","JP1","3PinJumper","Custom Components:3PinJumper","","","",""
"","","R1","~","Device:R_US","","~","",""
"","","R2","~","Device:R_US","","~","",""
"","","R3","~","Device:R_US","","~","",""
"","","R4","~","Device:R_US","","~","",""
"","","R5","~","Device:R_US","","~","",""
"","","R6","~","Device:R_US","","~","",""
"","","R7","~","Device:R_US","","~","",""
"","","R8","~","Device:R_US","","~","",""
"","","R9","~","Device:R_US","","~","",""
"","","R10","10k","Device:R_US","","~","",""
"","","R11","10K","Device:R_US","","~","",""
"","","R12","10K","Device:R_US","","~","",""
"","","R13","10K","Device:R_US","","~","",""
"","","R14","150K","Device:R_US","","~","",""
"","","R15","150K","Device:R_US","","~","",""
"","","R16","150K","Device:R_US","","~","",""
"","","R17","~","Device:R_US","","~","",""
"","","R18","~","Device:R_US","","~","",""
"","","R19","~","Device:R_US","","~","",""
"","","R20","~","Device:R_US","","~","",""
"","","R21","~","Device:R_US","","~","",""
"","","R22","~","Device:R_US","","~","",""
"","","R23","~","Device:R_US","","~","",""
"","","R24","~","Device:R_US","","~","",""
"","","R25","~","Device:R_US","","~","",""
"","","R26","~","Device:R_US","","~","",""
"","","R27","~","Device:R_US","","~","",""
"","","R28","~","Device:R_US","","~","",""
"","","R29","~","Device:R_US","","~","",""
"","","R30","~","Device:R_US","","~","",""
"","","R31","~","Device:R_US","","~","",""
"","","R32","~","Device:R_US","","~","",""
"","","R33","~","Device:R_US","","~","",""
"","","R34","~","Device:R_US","","~","",""
"","","R35","~","Device:R_US","","~","",""
"","","R36","~","Device:R_US","","~","",""
"","","R37","~","Device:R_US","","~","",""
"","","R38","~","Device:R_US","","~","",""
"","","R39","~","Device:R_US","","~","",""
"","","R40","~","Device:R_US","","~","",""
"","","R41","~","Device:R_US","","~","",""
"","","R42","~","Device:R_US","","~","",""
"","","R43","~","Device:R_US","","~","",""
"","","R44","~","Device:R_US","","~","",""
"","","R45","4.7K","Device:R_US","","~","",""
"","","R46","4.7K","Device:R_US","","~","",""
"","","R47","10k","Device:R_US","","~","",""
"","","SW1","Button1","Switch:SW_Push","","~","",""
"","","SW2","Button2","Switch:SW_Push","","~","",""
"","","SW3","Button3","Switch:SW_Push","","~","",""
"","","SW4","Button4","Switch:SW_Push","","~","",""
"","","SW5","Trigger1","Switch:SW_SPST","","~","",""
"","","SW6","Trigger2","Switch:SW_SPST","","~","",""
"","","SW7","SW_DIP_x08","Switch:SW_DIP_x08","","~","",""
"","","SW8","Power Switch","Switch:SW_SPST","","~","",""
"","","U1","PIC16LF1789 - 40PinDIP","Custom Components:PIC16LF1789 - 40PinDIP","","","",""
"","","U2","Joystick 3","Custom Components:Joystick","","","",""
"","","U3","Joystick 2","Custom Components:Joystick","","","",""
"","","U4","Joystick 1","Custom Components:Joystick","","","",""
"","","U5","LM1117-3.3","Regulator_Linear:LM1117-3.3","","http://www.ti.com/lit/ds/symlink/lm1117.pdf","",""
"","","U6","XBEE_PRO","Custom Components:XBEE_PRO","","","",""



"Collated Components:"

"Item","Qty","Reference(s)","Value","LibPart","Footprint","Datasheet","Spice_Netlist_Enabled","Spice_Primitive"
"1","1","BAR1","IEEE7164-11","LED:HDSP-4830_2","Display:HDSP-4830","https://docs.broadcom.com/docs/AV02-1798EN","",""
"2","2","C1, C12","1uF","Device:C_Small","","~","",""
"3","8","C2, C3, C4, C5, C6, C7, C9, C10","0.1uF","Device:C_Small","","~","",""
"4","2","C8, C11","10uF","Device:C_Polarized_Small_US","","~","",""
"5","1","D1","1n4148","Simulation_SPICE:DIODE","","~","Y","D"
"6","1","J1","Program","Custom Components:5PinHeader","","","",""
"7","1","J2","Power Connector","Custom Components:Power Connector","","","",""
"8","1","J3","I2C Header","Custom Components:4PinHeader","","","",""
"9","1","JP1","3PinJumper","Custom Components:3PinJumper","","","",""
"10","37","R1, R2, R3, R4, R5, R6, R7, R8, R9, R17, R18, R19, R20, R21, R22, R23, R24, R25, R26, R27, R28, R29, R30, R31, R32, R33, R34, R35, R36, R37, R38, R39, R40, R41, R42, R43, R44","~","Device:R_US","","~","",""
"11","2","R10, R47","10k","Device:R_US","","~","",""
"12","3","R11, R12, R13","10K","Device:R_US","","~","",""
"13","3","R14, R15, R16","150K","Device:R_US","","~","",""
"14","2","R45, R46","4.7K","Device:R_US","","~","",""
"15","1","SW1","Button1","Switch:SW_Push","","~","",""
"16","1","SW2","Button2","Switch:SW_Push","","~","",""
"17","1","SW3","Button3","Switch:SW_Push","","~","",""
"18","1","SW4","Button4","Switch:SW_Push","","~","",""
"19","1","SW5","Trigger1","Switch:SW_SPST","","~","",""
"20","1","SW6","Trigger2","Switch:SW_SPST","","~","",""
"21","1","SW7","SW_DIP_x08","Switch:SW_DIP_x08","","~","",""
"22","1","SW8","Power Switch","Switch:SW_SPST","","~","",""
"23","1","U1","PIC16LF1789 - 40PinDIP","Custom Components:PIC16LF1789 - 40PinDIP","","","",""
"24","1","U2","Joystick 3","Custom Components:Joystick","","","",""
"25","1","U3","Joystick 2","Custom Components:Joystick","","","",""
"26","1","U4","Joystick 1","Custom Components:Joystick","","","",""
"27","1","U5","LM1117-3.3","Regulator_Linear:LM1117-3.3","","http://www.ti.com/lit/ds/symlink/lm1117.pdf","",""
"28","1","U6","XBEE_PRO","Custom Components:XBEE_PRO","","","",""
