<?xml version="1.0" encoding="UTF-8"?>
<export version="E">
  <design>
    <source>C:\Users\joshu\OneDrive\Documents\KiCad\KiCad Projects\Mini ATV Project - Joshua Makuch\Mini ATV Project - Joshua Makuch.kicad_sch</source>
    <date>12/12/2023 11:22:50 PM</date>
    <tool>Eeschema (6.0.10)</tool>
    <sheet number="1" name="/" tstamps="/">
      <title_block>
        <title>Mini ATV Project</title>
        <company>Joshua Makuch</company>
        <rev>A</rev>
        <date>2023-11-14</date>
        <source>Mini ATV Project - Joshua Makuch.kicad_sch</source>
        <comment number="1" value=""/>
        <comment number="2" value=""/>
        <comment number="3" value=""/>
        <comment number="4" value=""/>
        <comment number="5" value=""/>
        <comment number="6" value=""/>
        <comment number="7" value=""/>
        <comment number="8" value=""/>
        <comment number="9" value="1"/>
      </title_block>
    </sheet>
    <sheet number="2" name="/Controls/" tstamps="/7801cfd9-86f2-4a80-a3ac-58da92222237/">
      <title_block>
        <title>Mini ATV Project</title>
        <company>Joshua Makuch</company>
        <rev>A</rev>
        <date>2023-11-14</date>
        <source>Controls.kicad_sch</source>
        <comment number="1" value=""/>
        <comment number="2" value=""/>
        <comment number="3" value=""/>
        <comment number="4" value=""/>
        <comment number="5" value=""/>
        <comment number="6" value=""/>
        <comment number="7" value=""/>
        <comment number="8" value=""/>
        <comment number="9" value="Controls"/>
      </title_block>
    </sheet>
    <sheet number="3" name="/Power/" tstamps="/9c82e5f5-e3c8-4e92-85bc-198eca5c1490/">
      <title_block>
        <title>Mini ATV Project</title>
        <company>Joshua Makuch</company>
        <rev>A</rev>
        <date>2023-11-14</date>
        <source>Power.kicad_sch</source>
        <comment number="1" value=""/>
        <comment number="2" value=""/>
        <comment number="3" value=""/>
        <comment number="4" value=""/>
        <comment number="5" value=""/>
        <comment number="6" value=""/>
        <comment number="7" value=""/>
        <comment number="8" value=""/>
        <comment number="9" value="Power"/>
      </title_block>
    </sheet>
    <sheet number="4" name="/Communications/" tstamps="/164d437b-8763-45f9-8f43-5f04f7559315/">
      <title_block>
        <title>Mini ATV Project</title>
        <company>Joshua Makuch</company>
        <rev>A</rev>
        <date>2023-11-14</date>
        <source>Communications.kicad_sch</source>
        <comment number="1" value=""/>
        <comment number="2" value=""/>
        <comment number="3" value=""/>
        <comment number="4" value=""/>
        <comment number="5" value=""/>
        <comment number="6" value=""/>
        <comment number="7" value=""/>
        <comment number="8" value=""/>
        <comment number="9" value="Communications"/>
      </title_block>
    </sheet>
  </design>
  <components>
    <comp ref="BAR1">
      <value>IEEE7164-11</value>
      <footprint>Display:HDSP-4830</footprint>
      <datasheet>https://docs.broadcom.com/docs/AV02-1798EN</datasheet>
      <libsource lib="LED" part="HDSP-4830_2" description="BAR GRAPH 10 segment block, high efficiency red"/>
      <property name="Sheetname" value=""/>
      <property name="Sheetfile" value="Mini ATV Project - Joshua Makuch.kicad_sch"/>
      <sheetpath names="/" tstamps="/"/>
      <tstamps>2e70d2b1-1e22-4aa1-b356-cdb1d5b153f5</tstamps>
    </comp>
    <comp ref="C1">
      <value>1uF</value>
      <libsource lib="Device" part="C_Small" description="Unpolarized capacitor, small symbol"/>
      <property name="Sheetname" value=""/>
      <property name="Sheetfile" value="Mini ATV Project - Joshua Makuch.kicad_sch"/>
      <sheetpath names="/" tstamps="/"/>
      <tstamps>b0b9eca9-bd73-44b6-8f33-7d9259572526</tstamps>
    </comp>
    <comp ref="D1">
      <value>1n4148</value>
      <fields>
        <field name="Spice_Netlist_Enabled">Y</field>
        <field name="Spice_Primitive">D</field>
      </fields>
      <libsource lib="Simulation_SPICE" part="DIODE" description="Diode, anode on pin 1, for simulation only!"/>
      <property name="Spice_Netlist_Enabled" value="Y"/>
      <property name="Spice_Primitive" value="D"/>
      <property name="Sheetname" value=""/>
      <property name="Sheetfile" value="Mini ATV Project - Joshua Makuch.kicad_sch"/>
      <sheetpath names="/" tstamps="/"/>
      <tstamps>c4fbc00c-fe4e-4b0a-b842-e57f7b123e34</tstamps>
    </comp>
    <comp ref="J1">
      <value>Program</value>
      <libsource lib="Custom Components" part="5PinHeader" description=""/>
      <property name="Sheetname" value=""/>
      <property name="Sheetfile" value="Mini ATV Project - Joshua Makuch.kicad_sch"/>
      <sheetpath names="/" tstamps="/"/>
      <tstamps>20ad04cb-b3e1-45ea-9a86-d0af663e2626</tstamps>
    </comp>
    <comp ref="R1">
      <value>~</value>
      <libsource lib="Device" part="R_US" description="Resistor, US symbol"/>
      <property name="Sheetname" value=""/>
      <property name="Sheetfile" value="Mini ATV Project - Joshua Makuch.kicad_sch"/>
      <sheetpath names="/" tstamps="/"/>
      <tstamps>8fc05834-b639-4602-891b-d26cecf847f2</tstamps>
    </comp>
    <comp ref="R2">
      <value>~</value>
      <libsource lib="Device" part="R_US" description="Resistor, US symbol"/>
      <property name="Sheetname" value=""/>
      <property name="Sheetfile" value="Mini ATV Project - Joshua Makuch.kicad_sch"/>
      <sheetpath names="/" tstamps="/"/>
      <tstamps>fdb1173f-2753-4c6f-a01d-4e2bcbfba4ab</tstamps>
    </comp>
    <comp ref="R3">
      <value>~</value>
      <libsource lib="Device" part="R_US" description="Resistor, US symbol"/>
      <property name="Sheetname" value=""/>
      <property name="Sheetfile" value="Mini ATV Project - Joshua Makuch.kicad_sch"/>
      <sheetpath names="/" tstamps="/"/>
      <tstamps>5172ca3e-28c8-4f5f-8e69-0c8f7618e0a8</tstamps>
    </comp>
    <comp ref="R4">
      <value>~</value>
      <libsource lib="Device" part="R_US" description="Resistor, US symbol"/>
      <property name="Sheetname" value=""/>
      <property name="Sheetfile" value="Mini ATV Project - Joshua Makuch.kicad_sch"/>
      <sheetpath names="/" tstamps="/"/>
      <tstamps>e58fc4f8-6537-4fd4-9d27-bcf31703d2a7</tstamps>
    </comp>
    <comp ref="R5">
      <value>~</value>
      <libsource lib="Device" part="R_US" description="Resistor, US symbol"/>
      <property name="Sheetname" value=""/>
      <property name="Sheetfile" value="Mini ATV Project - Joshua Makuch.kicad_sch"/>
      <sheetpath names="/" tstamps="/"/>
      <tstamps>165cb0f4-0192-4219-bdc6-67bc6136d6f2</tstamps>
    </comp>
    <comp ref="R6">
      <value>~</value>
      <libsource lib="Device" part="R_US" description="Resistor, US symbol"/>
      <property name="Sheetname" value=""/>
      <property name="Sheetfile" value="Mini ATV Project - Joshua Makuch.kicad_sch"/>
      <sheetpath names="/" tstamps="/"/>
      <tstamps>b1376cdd-8d09-4264-9075-4bbf1c9d4c64</tstamps>
    </comp>
    <comp ref="R7">
      <value>~</value>
      <libsource lib="Device" part="R_US" description="Resistor, US symbol"/>
      <property name="Sheetname" value=""/>
      <property name="Sheetfile" value="Mini ATV Project - Joshua Makuch.kicad_sch"/>
      <sheetpath names="/" tstamps="/"/>
      <tstamps>fedc4388-e079-4966-993c-87145b66ade1</tstamps>
    </comp>
    <comp ref="R8">
      <value>~</value>
      <libsource lib="Device" part="R_US" description="Resistor, US symbol"/>
      <property name="Sheetname" value=""/>
      <property name="Sheetfile" value="Mini ATV Project - Joshua Makuch.kicad_sch"/>
      <sheetpath names="/" tstamps="/"/>
      <tstamps>746b91c7-b366-4fe5-aa63-146403c1c912</tstamps>
    </comp>
    <comp ref="R9">
      <value>~</value>
      <libsource lib="Device" part="R_US" description="Resistor, US symbol"/>
      <property name="Sheetname" value=""/>
      <property name="Sheetfile" value="Mini ATV Project - Joshua Makuch.kicad_sch"/>
      <sheetpath names="/" tstamps="/"/>
      <tstamps>2b9a0c43-d775-4aac-9562-b06ffefb04c4</tstamps>
    </comp>
    <comp ref="R10">
      <value>10k</value>
      <libsource lib="Device" part="R_US" description="Resistor, US symbol"/>
      <property name="Sheetname" value=""/>
      <property name="Sheetfile" value="Mini ATV Project - Joshua Makuch.kicad_sch"/>
      <sheetpath names="/" tstamps="/"/>
      <tstamps>7d39b47a-d590-472d-a8d1-eacf281115bf</tstamps>
    </comp>
    <comp ref="U1">
      <value>PIC16LF1789 - 40PinDIP</value>
      <libsource lib="Custom Components" part="PIC16LF1789 - 40PinDIP" description=""/>
      <property name="Sheetname" value=""/>
      <property name="Sheetfile" value="Mini ATV Project - Joshua Makuch.kicad_sch"/>
      <sheetpath names="/" tstamps="/"/>
      <tstamps>2e8901f3-dccf-43ac-b724-169474487f21</tstamps>
    </comp>
    <comp ref="C2">
      <value>0.1uF</value>
      <libsource lib="Device" part="C_Small" description="Unpolarized capacitor, small symbol"/>
      <property name="Sheetname" value="Controls"/>
      <property name="Sheetfile" value="Controls.kicad_sch"/>
      <sheetpath names="/Controls/" tstamps="/7801cfd9-86f2-4a80-a3ac-58da92222237/"/>
      <tstamps>d8855718-f14f-40f3-bccc-7eaed88ce295</tstamps>
    </comp>
    <comp ref="C3">
      <value>0.1uF</value>
      <libsource lib="Device" part="C_Small" description="Unpolarized capacitor, small symbol"/>
      <property name="Sheetname" value="Controls"/>
      <property name="Sheetfile" value="Controls.kicad_sch"/>
      <sheetpath names="/Controls/" tstamps="/7801cfd9-86f2-4a80-a3ac-58da92222237/"/>
      <tstamps>bb2b589d-1aaf-4ebe-9d23-ee697997cbe8</tstamps>
    </comp>
    <comp ref="C4">
      <value>0.1uF</value>
      <libsource lib="Device" part="C_Small" description="Unpolarized capacitor, small symbol"/>
      <property name="Sheetname" value="Controls"/>
      <property name="Sheetfile" value="Controls.kicad_sch"/>
      <sheetpath names="/Controls/" tstamps="/7801cfd9-86f2-4a80-a3ac-58da92222237/"/>
      <tstamps>cfc5931f-be7a-4fe7-946a-c5f52e324a77</tstamps>
    </comp>
    <comp ref="C5">
      <value>0.1uF</value>
      <libsource lib="Device" part="C_Small" description="Unpolarized capacitor, small symbol"/>
      <property name="Sheetname" value="Controls"/>
      <property name="Sheetfile" value="Controls.kicad_sch"/>
      <sheetpath names="/Controls/" tstamps="/7801cfd9-86f2-4a80-a3ac-58da92222237/"/>
      <tstamps>ec9e299d-9eb6-423f-9a81-5dbe9be45292</tstamps>
    </comp>
    <comp ref="C6">
      <value>0.1uF</value>
      <libsource lib="Device" part="C_Small" description="Unpolarized capacitor, small symbol"/>
      <property name="Sheetname" value="Controls"/>
      <property name="Sheetfile" value="Controls.kicad_sch"/>
      <sheetpath names="/Controls/" tstamps="/7801cfd9-86f2-4a80-a3ac-58da92222237/"/>
      <tstamps>ff9015dd-bd9f-45a4-a704-a536f6373cbf</tstamps>
    </comp>
    <comp ref="C7">
      <value>0.1uF</value>
      <libsource lib="Device" part="C_Small" description="Unpolarized capacitor, small symbol"/>
      <property name="Sheetname" value="Controls"/>
      <property name="Sheetfile" value="Controls.kicad_sch"/>
      <sheetpath names="/Controls/" tstamps="/7801cfd9-86f2-4a80-a3ac-58da92222237/"/>
      <tstamps>a5862939-d309-4312-9527-2e643cc9df2b</tstamps>
    </comp>
    <comp ref="JP1">
      <value>3PinJumper</value>
      <libsource lib="Custom Components" part="3PinJumper" description=""/>
      <property name="Sheetname" value="Controls"/>
      <property name="Sheetfile" value="Controls.kicad_sch"/>
      <sheetpath names="/Controls/" tstamps="/7801cfd9-86f2-4a80-a3ac-58da92222237/"/>
      <tstamps>cf253125-4631-4090-bd23-d4c6d5f97b10</tstamps>
    </comp>
    <comp ref="R11">
      <value>10K</value>
      <libsource lib="Device" part="R_US" description="Resistor, US symbol"/>
      <property name="Sheetname" value="Controls"/>
      <property name="Sheetfile" value="Controls.kicad_sch"/>
      <sheetpath names="/Controls/" tstamps="/7801cfd9-86f2-4a80-a3ac-58da92222237/"/>
      <tstamps>00c39d27-3536-44f1-b60a-fb77bbc4e8cd</tstamps>
    </comp>
    <comp ref="R12">
      <value>10K</value>
      <libsource lib="Device" part="R_US" description="Resistor, US symbol"/>
      <property name="Sheetname" value="Controls"/>
      <property name="Sheetfile" value="Controls.kicad_sch"/>
      <sheetpath names="/Controls/" tstamps="/7801cfd9-86f2-4a80-a3ac-58da92222237/"/>
      <tstamps>0bde6bf1-b2f0-4c70-a341-20944c39643d</tstamps>
    </comp>
    <comp ref="R13">
      <value>10K</value>
      <libsource lib="Device" part="R_US" description="Resistor, US symbol"/>
      <property name="Sheetname" value="Controls"/>
      <property name="Sheetfile" value="Controls.kicad_sch"/>
      <sheetpath names="/Controls/" tstamps="/7801cfd9-86f2-4a80-a3ac-58da92222237/"/>
      <tstamps>b8168442-caa1-4521-a5c2-3a60f27c26f1</tstamps>
    </comp>
    <comp ref="R14">
      <value>150K</value>
      <libsource lib="Device" part="R_US" description="Resistor, US symbol"/>
      <property name="Sheetname" value="Controls"/>
      <property name="Sheetfile" value="Controls.kicad_sch"/>
      <sheetpath names="/Controls/" tstamps="/7801cfd9-86f2-4a80-a3ac-58da92222237/"/>
      <tstamps>b3762b14-dde1-4339-87aa-7bff4b4d327f</tstamps>
    </comp>
    <comp ref="R15">
      <value>150K</value>
      <libsource lib="Device" part="R_US" description="Resistor, US symbol"/>
      <property name="Sheetname" value="Controls"/>
      <property name="Sheetfile" value="Controls.kicad_sch"/>
      <sheetpath names="/Controls/" tstamps="/7801cfd9-86f2-4a80-a3ac-58da92222237/"/>
      <tstamps>afd4a9e0-c224-46b1-861b-334df850949d</tstamps>
    </comp>
    <comp ref="R16">
      <value>150K</value>
      <libsource lib="Device" part="R_US" description="Resistor, US symbol"/>
      <property name="Sheetname" value="Controls"/>
      <property name="Sheetfile" value="Controls.kicad_sch"/>
      <sheetpath names="/Controls/" tstamps="/7801cfd9-86f2-4a80-a3ac-58da92222237/"/>
      <tstamps>7b7fdbf3-4fd9-4626-91e6-25f6b2bcc2ba</tstamps>
    </comp>
    <comp ref="R17">
      <value>~</value>
      <libsource lib="Device" part="R_US" description="Resistor, US symbol"/>
      <property name="Sheetname" value="Controls"/>
      <property name="Sheetfile" value="Controls.kicad_sch"/>
      <sheetpath names="/Controls/" tstamps="/7801cfd9-86f2-4a80-a3ac-58da92222237/"/>
      <tstamps>69c87205-0fe0-4272-b5a0-698bc96e5e30</tstamps>
    </comp>
    <comp ref="R18">
      <value>~</value>
      <libsource lib="Device" part="R_US" description="Resistor, US symbol"/>
      <property name="Sheetname" value="Controls"/>
      <property name="Sheetfile" value="Controls.kicad_sch"/>
      <sheetpath names="/Controls/" tstamps="/7801cfd9-86f2-4a80-a3ac-58da92222237/"/>
      <tstamps>d1debc2a-deae-4efc-87bb-878b8302c9c8</tstamps>
    </comp>
    <comp ref="R19">
      <value>~</value>
      <libsource lib="Device" part="R_US" description="Resistor, US symbol"/>
      <property name="Sheetname" value="Controls"/>
      <property name="Sheetfile" value="Controls.kicad_sch"/>
      <sheetpath names="/Controls/" tstamps="/7801cfd9-86f2-4a80-a3ac-58da92222237/"/>
      <tstamps>c80c34a2-ebae-47c1-ae43-5a3233dcb752</tstamps>
    </comp>
    <comp ref="R20">
      <value>~</value>
      <libsource lib="Device" part="R_US" description="Resistor, US symbol"/>
      <property name="Sheetname" value="Controls"/>
      <property name="Sheetfile" value="Controls.kicad_sch"/>
      <sheetpath names="/Controls/" tstamps="/7801cfd9-86f2-4a80-a3ac-58da92222237/"/>
      <tstamps>6478166c-54f7-4fab-8e73-1454df947d77</tstamps>
    </comp>
    <comp ref="R21">
      <value>~</value>
      <libsource lib="Device" part="R_US" description="Resistor, US symbol"/>
      <property name="Sheetname" value="Controls"/>
      <property name="Sheetfile" value="Controls.kicad_sch"/>
      <sheetpath names="/Controls/" tstamps="/7801cfd9-86f2-4a80-a3ac-58da92222237/"/>
      <tstamps>aff9061d-6560-4aa0-b8ab-9e3fce6015ea</tstamps>
    </comp>
    <comp ref="R22">
      <value>~</value>
      <libsource lib="Device" part="R_US" description="Resistor, US symbol"/>
      <property name="Sheetname" value="Controls"/>
      <property name="Sheetfile" value="Controls.kicad_sch"/>
      <sheetpath names="/Controls/" tstamps="/7801cfd9-86f2-4a80-a3ac-58da92222237/"/>
      <tstamps>797bc73d-bdb3-475d-be0c-db46efe0312d</tstamps>
    </comp>
    <comp ref="R23">
      <value>~</value>
      <libsource lib="Device" part="R_US" description="Resistor, US symbol"/>
      <property name="Sheetname" value="Controls"/>
      <property name="Sheetfile" value="Controls.kicad_sch"/>
      <sheetpath names="/Controls/" tstamps="/7801cfd9-86f2-4a80-a3ac-58da92222237/"/>
      <tstamps>f67d3c42-f1cc-460a-9fcb-6f245364eb2d</tstamps>
    </comp>
    <comp ref="R24">
      <value>~</value>
      <libsource lib="Device" part="R_US" description="Resistor, US symbol"/>
      <property name="Sheetname" value="Controls"/>
      <property name="Sheetfile" value="Controls.kicad_sch"/>
      <sheetpath names="/Controls/" tstamps="/7801cfd9-86f2-4a80-a3ac-58da92222237/"/>
      <tstamps>5353fbeb-cb2d-46b0-ab73-79188ce3043e</tstamps>
    </comp>
    <comp ref="R25">
      <value>~</value>
      <libsource lib="Device" part="R_US" description="Resistor, US symbol"/>
      <property name="Sheetname" value="Controls"/>
      <property name="Sheetfile" value="Controls.kicad_sch"/>
      <sheetpath names="/Controls/" tstamps="/7801cfd9-86f2-4a80-a3ac-58da92222237/"/>
      <tstamps>328d63c5-d4dd-45bb-b0ae-230b874763b5</tstamps>
    </comp>
    <comp ref="R26">
      <value>~</value>
      <libsource lib="Device" part="R_US" description="Resistor, US symbol"/>
      <property name="Sheetname" value="Controls"/>
      <property name="Sheetfile" value="Controls.kicad_sch"/>
      <sheetpath names="/Controls/" tstamps="/7801cfd9-86f2-4a80-a3ac-58da92222237/"/>
      <tstamps>befb7b56-575a-4015-ab30-1afa7ed036d3</tstamps>
    </comp>
    <comp ref="R27">
      <value>~</value>
      <libsource lib="Device" part="R_US" description="Resistor, US symbol"/>
      <property name="Sheetname" value="Controls"/>
      <property name="Sheetfile" value="Controls.kicad_sch"/>
      <sheetpath names="/Controls/" tstamps="/7801cfd9-86f2-4a80-a3ac-58da92222237/"/>
      <tstamps>bfbed250-991f-4393-87d4-ac5e73bdda26</tstamps>
    </comp>
    <comp ref="R28">
      <value>~</value>
      <libsource lib="Device" part="R_US" description="Resistor, US symbol"/>
      <property name="Sheetname" value="Controls"/>
      <property name="Sheetfile" value="Controls.kicad_sch"/>
      <sheetpath names="/Controls/" tstamps="/7801cfd9-86f2-4a80-a3ac-58da92222237/"/>
      <tstamps>e118b392-4c9f-482b-9925-7d937b2b5c14</tstamps>
    </comp>
    <comp ref="R29">
      <value>~</value>
      <libsource lib="Device" part="R_US" description="Resistor, US symbol"/>
      <property name="Sheetname" value="Controls"/>
      <property name="Sheetfile" value="Controls.kicad_sch"/>
      <sheetpath names="/Controls/" tstamps="/7801cfd9-86f2-4a80-a3ac-58da92222237/"/>
      <tstamps>1895065f-49c3-4110-82da-738e8e2d8609</tstamps>
    </comp>
    <comp ref="R30">
      <value>~</value>
      <libsource lib="Device" part="R_US" description="Resistor, US symbol"/>
      <property name="Sheetname" value="Controls"/>
      <property name="Sheetfile" value="Controls.kicad_sch"/>
      <sheetpath names="/Controls/" tstamps="/7801cfd9-86f2-4a80-a3ac-58da92222237/"/>
      <tstamps>fbca5590-d04f-4cad-a737-61ca41c273cb</tstamps>
    </comp>
    <comp ref="R31">
      <value>~</value>
      <libsource lib="Device" part="R_US" description="Resistor, US symbol"/>
      <property name="Sheetname" value="Controls"/>
      <property name="Sheetfile" value="Controls.kicad_sch"/>
      <sheetpath names="/Controls/" tstamps="/7801cfd9-86f2-4a80-a3ac-58da92222237/"/>
      <tstamps>450fb5cb-a778-4c73-aefa-177f51ab2f17</tstamps>
    </comp>
    <comp ref="R32">
      <value>~</value>
      <libsource lib="Device" part="R_US" description="Resistor, US symbol"/>
      <property name="Sheetname" value="Controls"/>
      <property name="Sheetfile" value="Controls.kicad_sch"/>
      <sheetpath names="/Controls/" tstamps="/7801cfd9-86f2-4a80-a3ac-58da92222237/"/>
      <tstamps>c24df00d-0d68-4ac4-962a-c4333b777c56</tstamps>
    </comp>
    <comp ref="R33">
      <value>~</value>
      <libsource lib="Device" part="R_US" description="Resistor, US symbol"/>
      <property name="Sheetname" value="Controls"/>
      <property name="Sheetfile" value="Controls.kicad_sch"/>
      <sheetpath names="/Controls/" tstamps="/7801cfd9-86f2-4a80-a3ac-58da92222237/"/>
      <tstamps>7f1608e4-4404-4991-93c5-5fa0cab89cde</tstamps>
    </comp>
    <comp ref="R34">
      <value>~</value>
      <libsource lib="Device" part="R_US" description="Resistor, US symbol"/>
      <property name="Sheetname" value="Controls"/>
      <property name="Sheetfile" value="Controls.kicad_sch"/>
      <sheetpath names="/Controls/" tstamps="/7801cfd9-86f2-4a80-a3ac-58da92222237/"/>
      <tstamps>34c2e0be-3d82-4501-959c-e4c91042599b</tstamps>
    </comp>
    <comp ref="R35">
      <value>~</value>
      <libsource lib="Device" part="R_US" description="Resistor, US symbol"/>
      <property name="Sheetname" value="Controls"/>
      <property name="Sheetfile" value="Controls.kicad_sch"/>
      <sheetpath names="/Controls/" tstamps="/7801cfd9-86f2-4a80-a3ac-58da92222237/"/>
      <tstamps>8be67662-6ed5-4c4a-b06b-fd03c6cf714d</tstamps>
    </comp>
    <comp ref="R36">
      <value>~</value>
      <libsource lib="Device" part="R_US" description="Resistor, US symbol"/>
      <property name="Sheetname" value="Controls"/>
      <property name="Sheetfile" value="Controls.kicad_sch"/>
      <sheetpath names="/Controls/" tstamps="/7801cfd9-86f2-4a80-a3ac-58da92222237/"/>
      <tstamps>c3a7e6b3-3cc5-4f37-804a-6e8e492d9343</tstamps>
    </comp>
    <comp ref="R37">
      <value>~</value>
      <libsource lib="Device" part="R_US" description="Resistor, US symbol"/>
      <property name="Sheetname" value="Controls"/>
      <property name="Sheetfile" value="Controls.kicad_sch"/>
      <sheetpath names="/Controls/" tstamps="/7801cfd9-86f2-4a80-a3ac-58da92222237/"/>
      <tstamps>734cea8b-6e63-47f2-b1f9-b40c2e2f574b</tstamps>
    </comp>
    <comp ref="R38">
      <value>~</value>
      <libsource lib="Device" part="R_US" description="Resistor, US symbol"/>
      <property name="Sheetname" value="Controls"/>
      <property name="Sheetfile" value="Controls.kicad_sch"/>
      <sheetpath names="/Controls/" tstamps="/7801cfd9-86f2-4a80-a3ac-58da92222237/"/>
      <tstamps>bf3c9874-fb98-49e0-9a7c-4ca910ae70df</tstamps>
    </comp>
    <comp ref="R39">
      <value>~</value>
      <libsource lib="Device" part="R_US" description="Resistor, US symbol"/>
      <property name="Sheetname" value="Controls"/>
      <property name="Sheetfile" value="Controls.kicad_sch"/>
      <sheetpath names="/Controls/" tstamps="/7801cfd9-86f2-4a80-a3ac-58da92222237/"/>
      <tstamps>0a80b245-da8b-4b9c-870f-6c2435f87673</tstamps>
    </comp>
    <comp ref="R40">
      <value>~</value>
      <libsource lib="Device" part="R_US" description="Resistor, US symbol"/>
      <property name="Sheetname" value="Controls"/>
      <property name="Sheetfile" value="Controls.kicad_sch"/>
      <sheetpath names="/Controls/" tstamps="/7801cfd9-86f2-4a80-a3ac-58da92222237/"/>
      <tstamps>565fae80-49a9-4193-b00c-9c348c7fab14</tstamps>
    </comp>
    <comp ref="R41">
      <value>~</value>
      <libsource lib="Device" part="R_US" description="Resistor, US symbol"/>
      <property name="Sheetname" value="Controls"/>
      <property name="Sheetfile" value="Controls.kicad_sch"/>
      <sheetpath names="/Controls/" tstamps="/7801cfd9-86f2-4a80-a3ac-58da92222237/"/>
      <tstamps>ff73247f-be63-45a7-a399-d77d38081805</tstamps>
    </comp>
    <comp ref="R42">
      <value>~</value>
      <libsource lib="Device" part="R_US" description="Resistor, US symbol"/>
      <property name="Sheetname" value="Controls"/>
      <property name="Sheetfile" value="Controls.kicad_sch"/>
      <sheetpath names="/Controls/" tstamps="/7801cfd9-86f2-4a80-a3ac-58da92222237/"/>
      <tstamps>30338ef0-5cde-4afb-9d3e-adb44904480f</tstamps>
    </comp>
    <comp ref="R43">
      <value>~</value>
      <libsource lib="Device" part="R_US" description="Resistor, US symbol"/>
      <property name="Sheetname" value="Controls"/>
      <property name="Sheetfile" value="Controls.kicad_sch"/>
      <sheetpath names="/Controls/" tstamps="/7801cfd9-86f2-4a80-a3ac-58da92222237/"/>
      <tstamps>2a61587a-de17-49f1-a32b-223d5f735f9c</tstamps>
    </comp>
    <comp ref="R44">
      <value>~</value>
      <libsource lib="Device" part="R_US" description="Resistor, US symbol"/>
      <property name="Sheetname" value="Controls"/>
      <property name="Sheetfile" value="Controls.kicad_sch"/>
      <sheetpath names="/Controls/" tstamps="/7801cfd9-86f2-4a80-a3ac-58da92222237/"/>
      <tstamps>6dd5cf3c-d560-43de-89cf-40145956b838</tstamps>
    </comp>
    <comp ref="SW1">
      <value>Button1</value>
      <libsource lib="Switch" part="SW_Push" description="Push button switch, generic, two pins"/>
      <property name="Sheetname" value="Controls"/>
      <property name="Sheetfile" value="Controls.kicad_sch"/>
      <sheetpath names="/Controls/" tstamps="/7801cfd9-86f2-4a80-a3ac-58da92222237/"/>
      <tstamps>bed1a44d-58f0-4bfd-89b8-32ce52a1f12f</tstamps>
    </comp>
    <comp ref="SW2">
      <value>Button2</value>
      <libsource lib="Switch" part="SW_Push" description="Push button switch, generic, two pins"/>
      <property name="Sheetname" value="Controls"/>
      <property name="Sheetfile" value="Controls.kicad_sch"/>
      <sheetpath names="/Controls/" tstamps="/7801cfd9-86f2-4a80-a3ac-58da92222237/"/>
      <tstamps>d07d0403-dbfd-452c-be58-a93932df9ba9</tstamps>
    </comp>
    <comp ref="SW3">
      <value>Button3</value>
      <libsource lib="Switch" part="SW_Push" description="Push button switch, generic, two pins"/>
      <property name="Sheetname" value="Controls"/>
      <property name="Sheetfile" value="Controls.kicad_sch"/>
      <sheetpath names="/Controls/" tstamps="/7801cfd9-86f2-4a80-a3ac-58da92222237/"/>
      <tstamps>eeefbf10-142b-4ef7-b671-62cb8c754886</tstamps>
    </comp>
    <comp ref="SW4">
      <value>Button4</value>
      <libsource lib="Switch" part="SW_Push" description="Push button switch, generic, two pins"/>
      <property name="Sheetname" value="Controls"/>
      <property name="Sheetfile" value="Controls.kicad_sch"/>
      <sheetpath names="/Controls/" tstamps="/7801cfd9-86f2-4a80-a3ac-58da92222237/"/>
      <tstamps>0943f05e-d405-47f6-b46b-09f475e2336e</tstamps>
    </comp>
    <comp ref="SW5">
      <value>Trigger1</value>
      <libsource lib="Switch" part="SW_SPST" description="Single Pole Single Throw (SPST) switch"/>
      <property name="Sheetname" value="Controls"/>
      <property name="Sheetfile" value="Controls.kicad_sch"/>
      <sheetpath names="/Controls/" tstamps="/7801cfd9-86f2-4a80-a3ac-58da92222237/"/>
      <tstamps>5d65abea-facb-413f-90e8-a9760117902c</tstamps>
    </comp>
    <comp ref="SW6">
      <value>Trigger2</value>
      <libsource lib="Switch" part="SW_SPST" description="Single Pole Single Throw (SPST) switch"/>
      <property name="Sheetname" value="Controls"/>
      <property name="Sheetfile" value="Controls.kicad_sch"/>
      <sheetpath names="/Controls/" tstamps="/7801cfd9-86f2-4a80-a3ac-58da92222237/"/>
      <tstamps>1d37cc93-0c9d-44dc-ba1a-ae4e0402afcd</tstamps>
    </comp>
    <comp ref="SW7">
      <value>SW_DIP_x08</value>
      <libsource lib="Switch" part="SW_DIP_x08" description="8x DIP Switch, Single Pole Single Throw (SPST) switch, small symbol"/>
      <property name="Sheetname" value="Controls"/>
      <property name="Sheetfile" value="Controls.kicad_sch"/>
      <sheetpath names="/Controls/" tstamps="/7801cfd9-86f2-4a80-a3ac-58da92222237/"/>
      <tstamps>c95c81ef-1242-48a6-9fb4-3ffbe4db9a20</tstamps>
    </comp>
    <comp ref="U2">
      <value>Joystick 3</value>
      <libsource lib="Custom Components" part="Joystick" description=""/>
      <property name="Sheetname" value="Controls"/>
      <property name="Sheetfile" value="Controls.kicad_sch"/>
      <sheetpath names="/Controls/" tstamps="/7801cfd9-86f2-4a80-a3ac-58da92222237/"/>
      <tstamps>e0d2946b-fe4f-4d2c-b776-1af8e0fb7fea</tstamps>
    </comp>
    <comp ref="U3">
      <value>Joystick 2</value>
      <libsource lib="Custom Components" part="Joystick" description=""/>
      <property name="Sheetname" value="Controls"/>
      <property name="Sheetfile" value="Controls.kicad_sch"/>
      <sheetpath names="/Controls/" tstamps="/7801cfd9-86f2-4a80-a3ac-58da92222237/"/>
      <tstamps>f027bf73-6567-4de9-a546-bddbf7dd06ad</tstamps>
    </comp>
    <comp ref="U4">
      <value>Joystick 1</value>
      <libsource lib="Custom Components" part="Joystick" description=""/>
      <property name="Sheetname" value="Controls"/>
      <property name="Sheetfile" value="Controls.kicad_sch"/>
      <sheetpath names="/Controls/" tstamps="/7801cfd9-86f2-4a80-a3ac-58da92222237/"/>
      <tstamps>115a5a31-4e9f-4b05-9a52-0ce6a202e83b</tstamps>
    </comp>
    <comp ref="C8">
      <value>10uF</value>
      <libsource lib="Device" part="C_Polarized_Small_US" description="Polarized capacitor, small US symbol"/>
      <property name="Sheetname" value="Power"/>
      <property name="Sheetfile" value="Power.kicad_sch"/>
      <sheetpath names="/Power/" tstamps="/9c82e5f5-e3c8-4e92-85bc-198eca5c1490/"/>
      <tstamps>8e59cb3a-be55-45cc-b3d8-595f54e11775</tstamps>
    </comp>
    <comp ref="C9">
      <value>0.1uF</value>
      <libsource lib="Device" part="C_Small" description="Unpolarized capacitor, small symbol"/>
      <property name="Sheetname" value="Power"/>
      <property name="Sheetfile" value="Power.kicad_sch"/>
      <sheetpath names="/Power/" tstamps="/9c82e5f5-e3c8-4e92-85bc-198eca5c1490/"/>
      <tstamps>96f1dc31-a277-4105-b539-b428945985ac</tstamps>
    </comp>
    <comp ref="C10">
      <value>0.1uF</value>
      <libsource lib="Device" part="C_Small" description="Unpolarized capacitor, small symbol"/>
      <property name="Sheetname" value="Power"/>
      <property name="Sheetfile" value="Power.kicad_sch"/>
      <sheetpath names="/Power/" tstamps="/9c82e5f5-e3c8-4e92-85bc-198eca5c1490/"/>
      <tstamps>6e259da2-9e3e-477e-8a9a-43dca112ac2f</tstamps>
    </comp>
    <comp ref="C11">
      <value>10uF</value>
      <libsource lib="Device" part="C_Polarized_Small_US" description="Polarized capacitor, small US symbol"/>
      <property name="Sheetname" value="Power"/>
      <property name="Sheetfile" value="Power.kicad_sch"/>
      <sheetpath names="/Power/" tstamps="/9c82e5f5-e3c8-4e92-85bc-198eca5c1490/"/>
      <tstamps>658eacfb-c2d2-4cb7-8e3a-7570fbcef5be</tstamps>
    </comp>
    <comp ref="J2">
      <value>Power Connector</value>
      <libsource lib="Custom Components" part="Power Connector" description=""/>
      <property name="Sheetname" value="Power"/>
      <property name="Sheetfile" value="Power.kicad_sch"/>
      <sheetpath names="/Power/" tstamps="/9c82e5f5-e3c8-4e92-85bc-198eca5c1490/"/>
      <tstamps>566f5f03-6fe7-4490-ad71-04e70b5269a2</tstamps>
    </comp>
    <comp ref="SW8">
      <value>Power Switch</value>
      <libsource lib="Switch" part="SW_SPST" description="Single Pole Single Throw (SPST) switch"/>
      <property name="Sheetname" value="Power"/>
      <property name="Sheetfile" value="Power.kicad_sch"/>
      <sheetpath names="/Power/" tstamps="/9c82e5f5-e3c8-4e92-85bc-198eca5c1490/"/>
      <tstamps>60468ae4-6a15-472a-9b59-68075597e69b</tstamps>
    </comp>
    <comp ref="U5">
      <value>LM1117-3.3</value>
      <datasheet>http://www.ti.com/lit/ds/symlink/lm1117.pdf</datasheet>
      <libsource lib="Regulator_Linear" part="LM1117-3.3" description="800mA Low-Dropout Linear Regulator, 3.3V fixed output, TO-220/TO-252/TO-263/SOT-223"/>
      <property name="Sheetname" value="Power"/>
      <property name="Sheetfile" value="Power.kicad_sch"/>
      <sheetpath names="/Power/" tstamps="/9c82e5f5-e3c8-4e92-85bc-198eca5c1490/"/>
      <tstamps>e6ac4fd0-bc73-49b6-a1c1-b7b84ab772b2</tstamps>
    </comp>
    <comp ref="C12">
      <value>1uF</value>
      <libsource lib="Device" part="C_Small" description="Unpolarized capacitor, small symbol"/>
      <property name="Sheetname" value="Communications"/>
      <property name="Sheetfile" value="Communications.kicad_sch"/>
      <sheetpath names="/Communications/" tstamps="/164d437b-8763-45f9-8f43-5f04f7559315/"/>
      <tstamps>deb7bf3c-9135-400e-8e98-6e6874ef59c9</tstamps>
    </comp>
    <comp ref="J3">
      <value>I2C Header</value>
      <libsource lib="Custom Components" part="4PinHeader" description=""/>
      <property name="Sheetname" value="Communications"/>
      <property name="Sheetfile" value="Communications.kicad_sch"/>
      <sheetpath names="/Communications/" tstamps="/164d437b-8763-45f9-8f43-5f04f7559315/"/>
      <tstamps>3ce3a967-9396-4f2e-aa4f-c9c1766f86bb</tstamps>
    </comp>
    <comp ref="R45">
      <value>4.7K</value>
      <libsource lib="Device" part="R_US" description="Resistor, US symbol"/>
      <property name="Sheetname" value="Communications"/>
      <property name="Sheetfile" value="Communications.kicad_sch"/>
      <sheetpath names="/Communications/" tstamps="/164d437b-8763-45f9-8f43-5f04f7559315/"/>
      <tstamps>9c5bc04a-2822-4965-ab4f-710aaad46aa7</tstamps>
    </comp>
    <comp ref="R46">
      <value>4.7K</value>
      <libsource lib="Device" part="R_US" description="Resistor, US symbol"/>
      <property name="Sheetname" value="Communications"/>
      <property name="Sheetfile" value="Communications.kicad_sch"/>
      <sheetpath names="/Communications/" tstamps="/164d437b-8763-45f9-8f43-5f04f7559315/"/>
      <tstamps>3bb4441d-f17b-4358-8de8-238deeb0b8f8</tstamps>
    </comp>
    <comp ref="R47">
      <value>10k</value>
      <libsource lib="Device" part="R_US" description="Resistor, US symbol"/>
      <property name="Sheetname" value="Communications"/>
      <property name="Sheetfile" value="Communications.kicad_sch"/>
      <sheetpath names="/Communications/" tstamps="/164d437b-8763-45f9-8f43-5f04f7559315/"/>
      <tstamps>8d1a8d58-61b5-44e8-8568-3d146ddf89c7</tstamps>
    </comp>
    <comp ref="U6">
      <value>XBEE_PRO</value>
      <libsource lib="Custom Components" part="XBEE_PRO" description=""/>
      <property name="Sheetname" value="Communications"/>
      <property name="Sheetfile" value="Communications.kicad_sch"/>
      <sheetpath names="/Communications/" tstamps="/164d437b-8763-45f9-8f43-5f04f7559315/"/>
      <tstamps>e56e6ce5-3dc3-4ec0-acc7-1daebb91e5a6</tstamps>
    </comp>
  </components>
  <libparts>
    <libpart lib="Custom Components" part="3PinJumper">
      <fields>
        <field name="Reference">JP</field>
        <field name="Value">3PinJumper</field>
      </fields>
      <pins>
        <pin num="1" name="" type="bidirectional"/>
        <pin num="2" name="" type="bidirectional"/>
        <pin num="3" name="" type="bidirectional"/>
      </pins>
    </libpart>
    <libpart lib="Custom Components" part="4PinHeader">
      <fields>
        <field name="Reference">J</field>
        <field name="Value">4PinHeader</field>
      </fields>
      <pins>
        <pin num="1" name="" type="bidirectional"/>
        <pin num="2" name="" type="bidirectional"/>
        <pin num="3" name="" type="bidirectional"/>
        <pin num="4" name="" type="bidirectional"/>
      </pins>
    </libpart>
    <libpart lib="Custom Components" part="5PinHeader">
      <fields>
        <field name="Reference">J</field>
        <field name="Value">5PinHeader</field>
      </fields>
      <pins>
        <pin num="1" name="" type="bidirectional"/>
        <pin num="2" name="" type="bidirectional"/>
        <pin num="3" name="" type="bidirectional"/>
        <pin num="4" name="" type="bidirectional"/>
        <pin num="5" name="" type="bidirectional"/>
      </pins>
    </libpart>
    <libpart lib="Custom Components" part="Joystick">
      <fields>
        <field name="Reference">U</field>
        <field name="Value">Joystick</field>
      </fields>
      <pins>
        <pin num="1" name="U/D_VCC" type="bidirectional"/>
        <pin num="2" name="U/D_OUT" type="bidirectional"/>
        <pin num="3" name="U/D_GND" type="bidirectional"/>
        <pin num="4" name="L/R_VCC" type="bidirectional"/>
        <pin num="5" name="L/R_OUT" type="bidirectional"/>
        <pin num="6" name="L/R_GND" type="bidirectional"/>
        <pin num="7" name="BTN1_IN" type="bidirectional"/>
        <pin num="8" name="BTN1_OUT" type="bidirectional"/>
      </pins>
    </libpart>
    <libpart lib="Custom Components" part="PIC16LF1789 - 40PinDIP">
      <fields>
        <field name="Reference">U</field>
        <field name="Value">PIC16LF1789 - 40PinDIP</field>
      </fields>
      <pins>
        <pin num="1" name="RE3/~{MCLR}/VPP" type="bidirectional"/>
        <pin num="2" name="RA0" type="bidirectional"/>
        <pin num="3" name="RA1" type="bidirectional"/>
        <pin num="4" name="RA2" type="bidirectional"/>
        <pin num="5" name="RA3" type="bidirectional"/>
        <pin num="6" name="RA4" type="bidirectional"/>
        <pin num="7" name="RA5" type="bidirectional"/>
        <pin num="8" name="RE0" type="bidirectional"/>
        <pin num="9" name="RE1" type="bidirectional"/>
        <pin num="10" name="RE2" type="bidirectional"/>
        <pin num="11" name="VDD" type="bidirectional"/>
        <pin num="12" name="VSS" type="bidirectional"/>
        <pin num="13" name="RA7" type="bidirectional"/>
        <pin num="14" name="RA6" type="bidirectional"/>
        <pin num="15" name="RC0" type="bidirectional"/>
        <pin num="16" name="RC1" type="bidirectional"/>
        <pin num="17" name="RC2" type="bidirectional"/>
        <pin num="18" name="RC3/SCL" type="bidirectional"/>
        <pin num="19" name="RD0" type="bidirectional"/>
        <pin num="20" name="RD1" type="bidirectional"/>
        <pin num="21" name="RD2" type="bidirectional"/>
        <pin num="22" name="RD3" type="bidirectional"/>
        <pin num="23" name="RC4/SDA" type="bidirectional"/>
        <pin num="24" name="RC5" type="bidirectional"/>
        <pin num="25" name="RC6/TX" type="bidirectional"/>
        <pin num="26" name="RC7/RX" type="bidirectional"/>
        <pin num="27" name="RD4" type="bidirectional"/>
        <pin num="28" name="RD5" type="bidirectional"/>
        <pin num="29" name="RD6" type="bidirectional"/>
        <pin num="30" name="RD7" type="bidirectional"/>
        <pin num="31" name="VSS" type="bidirectional"/>
        <pin num="32" name="VDD" type="bidirectional"/>
        <pin num="33" name="RB0" type="bidirectional"/>
        <pin num="34" name="RB1" type="bidirectional"/>
        <pin num="35" name="RB2" type="bidirectional"/>
        <pin num="36" name="RB3" type="bidirectional"/>
        <pin num="37" name="RB4" type="bidirectional"/>
        <pin num="38" name="RB5" type="bidirectional"/>
        <pin num="39" name="ICSPCLK/RB6" type="bidirectional"/>
        <pin num="40" name="ICSPDAT/RB7" type="bidirectional"/>
      </pins>
    </libpart>
    <libpart lib="Custom Components" part="Power Connector">
      <fields>
        <field name="Reference">J</field>
        <field name="Value">Power Connector</field>
      </fields>
      <pins>
        <pin num="1" name="" type="power_out"/>
        <pin num="2" name="" type="power_out"/>
      </pins>
    </libpart>
    <libpart lib="Custom Components" part="XBEE_PRO">
      <fields>
        <field name="Reference">U</field>
        <field name="Value">XBEE_PRO</field>
      </fields>
      <pins>
        <pin num="1" name="VCC" type="bidirectional"/>
        <pin num="2" name="DOUT" type="bidirectional"/>
        <pin num="3" name="DIN" type="bidirectional"/>
        <pin num="4" name="D8" type="bidirectional"/>
        <pin num="5" name="~{RESET}" type="bidirectional"/>
        <pin num="6" name="PWM0/RSSI" type="bidirectional"/>
        <pin num="7" name="PWM1" type="bidirectional"/>
        <pin num="8" name="NC" type="bidirectional"/>
        <pin num="9" name="DTR/SLEEP" type="bidirectional"/>
        <pin num="10" name="GND" type="bidirectional"/>
        <pin num="11" name="AD4/DIO4" type="bidirectional"/>
        <pin num="12" name="~{CTS}/DIO7" type="bidirectional"/>
        <pin num="13" name="ON/~{SLEEP}" type="bidirectional"/>
        <pin num="14" name="VREF" type="bidirectional"/>
        <pin num="15" name="AD5/DIO5" type="bidirectional"/>
        <pin num="16" name="~{RTS}/AD6/DIO6" type="bidirectional"/>
        <pin num="17" name="AD3/DIO3" type="bidirectional"/>
        <pin num="18" name="AD2/DIO2" type="bidirectional"/>
        <pin num="19" name="AD1/DIO1" type="bidirectional"/>
        <pin num="20" name="AD0/DIO0" type="bidirectional"/>
      </pins>
    </libpart>
    <libpart lib="Device" part="C_Polarized_Small_US">
      <description>Polarized capacitor, small US symbol</description>
      <docs>~</docs>
      <footprints>
        <fp>CP_*</fp>
      </footprints>
      <fields>
        <field name="Reference">C</field>
        <field name="Value">C_Polarized_Small_US</field>
        <field name="Datasheet">~</field>
      </fields>
      <pins>
        <pin num="1" name="" type="passive"/>
        <pin num="2" name="" type="passive"/>
      </pins>
    </libpart>
    <libpart lib="Device" part="C_Small">
      <description>Unpolarized capacitor, small symbol</description>
      <docs>~</docs>
      <footprints>
        <fp>C_*</fp>
      </footprints>
      <fields>
        <field name="Reference">C</field>
        <field name="Value">C_Small</field>
        <field name="Datasheet">~</field>
      </fields>
      <pins>
        <pin num="1" name="" type="passive"/>
        <pin num="2" name="" type="passive"/>
      </pins>
    </libpart>
    <libpart lib="Device" part="R_US">
      <description>Resistor, US symbol</description>
      <docs>~</docs>
      <footprints>
        <fp>R_*</fp>
      </footprints>
      <fields>
        <field name="Reference">R</field>
        <field name="Value">R_US</field>
        <field name="Datasheet">~</field>
      </fields>
      <pins>
        <pin num="1" name="" type="passive"/>
        <pin num="2" name="" type="passive"/>
      </pins>
    </libpart>
    <libpart lib="LED" part="HDSP-4830_2">
      <description>BAR GRAPH 10 segment block, high efficiency red</description>
      <docs>https://docs.broadcom.com/docs/AV02-1798EN</docs>
      <footprints>
        <fp>HDSP?48*</fp>
      </footprints>
      <fields>
        <field name="Reference">BAR</field>
        <field name="Value">HDSP-4830_2</field>
        <field name="Footprint">Display:HDSP-4830</field>
        <field name="Datasheet">https://docs.broadcom.com/docs/AV02-1798EN</field>
      </fields>
      <pins>
        <pin num="1" name="A" type="passive"/>
        <pin num="2" name="A" type="passive"/>
        <pin num="3" name="A" type="passive"/>
        <pin num="4" name="A" type="passive"/>
        <pin num="5" name="A" type="passive"/>
        <pin num="6" name="A" type="passive"/>
        <pin num="7" name="A" type="passive"/>
        <pin num="8" name="A" type="passive"/>
        <pin num="9" name="A" type="passive"/>
        <pin num="10" name="A" type="passive"/>
        <pin num="11" name="K" type="passive"/>
        <pin num="12" name="K" type="passive"/>
        <pin num="13" name="K" type="passive"/>
        <pin num="14" name="K" type="passive"/>
        <pin num="15" name="K" type="passive"/>
        <pin num="16" name="K" type="passive"/>
        <pin num="17" name="K" type="passive"/>
        <pin num="18" name="K" type="passive"/>
        <pin num="19" name="K" type="passive"/>
        <pin num="20" name="K" type="passive"/>
      </pins>
    </libpart>
    <libpart lib="Regulator_Linear" part="LM1117-3.3">
      <description>800mA Low-Dropout Linear Regulator, 3.3V fixed output, TO-220/TO-252/TO-263/SOT-223</description>
      <docs>http://www.ti.com/lit/ds/symlink/lm1117.pdf</docs>
      <footprints>
        <fp>SOT?223*</fp>
        <fp>TO?263*</fp>
        <fp>TO?252*</fp>
        <fp>TO?220*</fp>
      </footprints>
      <fields>
        <field name="Reference">U5</field>
        <field name="Value">LM1117-3.3</field>
        <field name="Datasheet">http://www.ti.com/lit/ds/symlink/lm1117.pdf</field>
      </fields>
      <pins>
        <pin num="1" name="GND" type="power_in"/>
        <pin num="2" name="VO" type="power_out"/>
        <pin num="3" name="VI" type="power_out"/>
      </pins>
    </libpart>
    <libpart lib="Simulation_SPICE" part="DIODE">
      <description>Diode, anode on pin 1, for simulation only!</description>
      <docs>~</docs>
      <fields>
        <field name="Reference">D</field>
        <field name="Value">DIODE</field>
        <field name="Datasheet">~</field>
        <field name="Spice_Netlist_Enabled">Y</field>
        <field name="Spice_Primitive">D</field>
      </fields>
      <pins>
        <pin num="1" name="A" type="passive"/>
        <pin num="2" name="K" type="passive"/>
      </pins>
    </libpart>
    <libpart lib="Switch" part="SW_DIP_x08">
      <description>8x DIP Switch, Single Pole Single Throw (SPST) switch, small symbol</description>
      <docs>~</docs>
      <footprints>
        <fp>SW?DIP?x8*</fp>
      </footprints>
      <fields>
        <field name="Reference">SW</field>
        <field name="Value">SW_DIP_x08</field>
        <field name="Datasheet">~</field>
      </fields>
      <pins>
        <pin num="1" name="" type="passive"/>
        <pin num="2" name="" type="passive"/>
        <pin num="3" name="" type="passive"/>
        <pin num="4" name="" type="passive"/>
        <pin num="5" name="" type="passive"/>
        <pin num="6" name="" type="passive"/>
        <pin num="7" name="" type="passive"/>
        <pin num="8" name="" type="passive"/>
        <pin num="9" name="" type="passive"/>
        <pin num="10" name="" type="passive"/>
        <pin num="11" name="" type="passive"/>
        <pin num="12" name="" type="passive"/>
        <pin num="13" name="" type="passive"/>
        <pin num="14" name="" type="passive"/>
        <pin num="15" name="" type="passive"/>
        <pin num="16" name="" type="passive"/>
      </pins>
    </libpart>
    <libpart lib="Switch" part="SW_Push">
      <description>Push button switch, generic, two pins</description>
      <docs>~</docs>
      <fields>
        <field name="Reference">SW</field>
        <field name="Value">SW_Push</field>
        <field name="Datasheet">~</field>
      </fields>
      <pins>
        <pin num="1" name="1" type="passive"/>
        <pin num="2" name="2" type="passive"/>
      </pins>
    </libpart>
    <libpart lib="Switch" part="SW_SPST">
      <description>Single Pole Single Throw (SPST) switch</description>
      <docs>~</docs>
      <fields>
        <field name="Reference">SW</field>
        <field name="Value">SW_SPST</field>
        <field name="Datasheet">~</field>
      </fields>
      <pins>
        <pin num="1" name="A" type="passive"/>
        <pin num="2" name="B" type="passive"/>
      </pins>
    </libpart>
  </libparts>
  <libraries>
    <library logical="Custom Components">
      <uri>C:/Users/joshu/OneDrive/Documents/KiCad/KiCad Projects/Custom Components.kicad_sym</uri>
    </library>
    <library logical="Device">
      <uri>C:\Program Files\KiCad\6.0\share\kicad\symbols\/Device.kicad_sym</uri>
    </library>
    <library logical="LED">
      <uri>C:\Program Files\KiCad\6.0\share\kicad\symbols\/LED.kicad_sym</uri>
    </library>
    <library logical="Regulator_Linear">
      <uri>C:\Program Files\KiCad\6.0\share\kicad\symbols\/Regulator_Linear.kicad_sym</uri>
    </library>
    <library logical="Simulation_SPICE">
      <uri>C:\Program Files\KiCad\6.0\share\kicad\symbols\/Simulation_SPICE.kicad_sym</uri>
    </library>
    <library logical="Switch">
      <uri>C:\Program Files\KiCad\6.0\share\kicad\symbols\/Switch.kicad_sym</uri>
    </library>
  </libraries>
  <nets>
    <net code="1" name="+3.3V">
      <node ref="BAR1" pin="10" pinfunction="A" pintype="passive"/>
      <node ref="C10" pin="1" pintype="passive"/>
      <node ref="C11" pin="1" pintype="passive"/>
      <node ref="J1" pin="2" pintype="bidirectional"/>
      <node ref="J3" pin="1" pintype="bidirectional"/>
      <node ref="R10" pin="1" pintype="passive"/>
      <node ref="R11" pin="2" pintype="passive"/>
      <node ref="R12" pin="2" pintype="passive"/>
      <node ref="R13" pin="2" pintype="passive"/>
      <node ref="R17" pin="2" pintype="passive"/>
      <node ref="R19" pin="2" pintype="passive"/>
      <node ref="R21" pin="2" pintype="passive"/>
      <node ref="R23" pin="2" pintype="passive"/>
      <node ref="R25" pin="2" pintype="passive"/>
      <node ref="R27" pin="2" pintype="passive"/>
      <node ref="R29" pin="2" pintype="passive"/>
      <node ref="R31" pin="2" pintype="passive"/>
      <node ref="R33" pin="2" pintype="passive"/>
      <node ref="R35" pin="2" pintype="passive"/>
      <node ref="R37" pin="2" pintype="passive"/>
      <node ref="R39" pin="2" pintype="passive"/>
      <node ref="R41" pin="2" pintype="passive"/>
      <node ref="R43" pin="2" pintype="passive"/>
      <node ref="R45" pin="1" pintype="passive"/>
      <node ref="R46" pin="1" pintype="passive"/>
      <node ref="R47" pin="1" pintype="passive"/>
      <node ref="U1" pin="11" pinfunction="VDD" pintype="bidirectional"/>
      <node ref="U1" pin="32" pinfunction="VDD" pintype="bidirectional"/>
      <node ref="U2" pin="1" pinfunction="U/D_VCC" pintype="bidirectional"/>
      <node ref="U2" pin="4" pinfunction="L/R_VCC" pintype="bidirectional"/>
      <node ref="U3" pin="1" pinfunction="U/D_VCC" pintype="bidirectional"/>
      <node ref="U3" pin="4" pinfunction="L/R_VCC" pintype="bidirectional"/>
      <node ref="U4" pin="1" pinfunction="U/D_VCC" pintype="bidirectional"/>
      <node ref="U4" pin="4" pinfunction="L/R_VCC" pintype="bidirectional"/>
      <node ref="U5" pin="2" pinfunction="VO" pintype="power_out"/>
      <node ref="U6" pin="1" pinfunction="VCC" pintype="bidirectional"/>
    </net>
    <net code="2" name="GND">
      <node ref="C1" pin="2" pintype="passive"/>
      <node ref="C10" pin="2" pintype="passive"/>
      <node ref="C11" pin="2" pintype="passive"/>
      <node ref="C12" pin="2" pintype="passive"/>
      <node ref="C2" pin="2" pintype="passive"/>
      <node ref="C3" pin="1" pintype="passive"/>
      <node ref="C4" pin="2" pintype="passive"/>
      <node ref="C5" pin="1" pintype="passive"/>
      <node ref="C6" pin="2" pintype="passive"/>
      <node ref="C7" pin="1" pintype="passive"/>
      <node ref="C8" pin="2" pintype="passive"/>
      <node ref="C9" pin="2" pintype="passive"/>
      <node ref="J1" pin="3" pintype="bidirectional"/>
      <node ref="J2" pin="2" pintype="power_out"/>
      <node ref="J3" pin="4" pintype="bidirectional"/>
      <node ref="R1" pin="2" pintype="passive"/>
      <node ref="R14" pin="1" pintype="passive"/>
      <node ref="R15" pin="1" pintype="passive"/>
      <node ref="R16" pin="1" pintype="passive"/>
      <node ref="R18" pin="1" pintype="passive"/>
      <node ref="R2" pin="2" pintype="passive"/>
      <node ref="R20" pin="1" pintype="passive"/>
      <node ref="R22" pin="1" pintype="passive"/>
      <node ref="R24" pin="1" pintype="passive"/>
      <node ref="R26" pin="1" pintype="passive"/>
      <node ref="R28" pin="1" pintype="passive"/>
      <node ref="R3" pin="2" pintype="passive"/>
      <node ref="R30" pin="1" pintype="passive"/>
      <node ref="R32" pin="1" pintype="passive"/>
      <node ref="R34" pin="1" pintype="passive"/>
      <node ref="R36" pin="1" pintype="passive"/>
      <node ref="R38" pin="1" pintype="passive"/>
      <node ref="R4" pin="2" pintype="passive"/>
      <node ref="R40" pin="1" pintype="passive"/>
      <node ref="R42" pin="1" pintype="passive"/>
      <node ref="R44" pin="1" pintype="passive"/>
      <node ref="R5" pin="2" pintype="passive"/>
      <node ref="R6" pin="2" pintype="passive"/>
      <node ref="R7" pin="2" pintype="passive"/>
      <node ref="R8" pin="2" pintype="passive"/>
      <node ref="R9" pin="2" pintype="passive"/>
      <node ref="U1" pin="12" pinfunction="VSS" pintype="bidirectional"/>
      <node ref="U1" pin="31" pinfunction="VSS" pintype="bidirectional"/>
      <node ref="U2" pin="3" pinfunction="U/D_GND" pintype="bidirectional"/>
      <node ref="U2" pin="6" pinfunction="L/R_GND" pintype="bidirectional"/>
      <node ref="U3" pin="3" pinfunction="U/D_GND" pintype="bidirectional"/>
      <node ref="U3" pin="6" pinfunction="L/R_GND" pintype="bidirectional"/>
      <node ref="U4" pin="3" pinfunction="U/D_GND" pintype="bidirectional"/>
      <node ref="U4" pin="6" pinfunction="L/R_GND" pintype="bidirectional"/>
      <node ref="U5" pin="1" pinfunction="GND" pintype="power_in"/>
      <node ref="U6" pin="10" pinfunction="GND" pintype="bidirectional"/>
    </net>
    <net code="3" name="Net-(BAR1-Pad1)">
      <node ref="BAR1" pin="1" pinfunction="A" pintype="passive"/>
      <node ref="U1" pin="19" pinfunction="RD0" pintype="bidirectional"/>
    </net>
    <net code="4" name="Net-(BAR1-Pad2)">
      <node ref="BAR1" pin="2" pinfunction="A" pintype="passive"/>
      <node ref="U1" pin="20" pinfunction="RD1" pintype="bidirectional"/>
    </net>
    <net code="5" name="Net-(BAR1-Pad3)">
      <node ref="BAR1" pin="3" pinfunction="A" pintype="passive"/>
      <node ref="U1" pin="21" pinfunction="RD2" pintype="bidirectional"/>
    </net>
    <net code="6" name="Net-(BAR1-Pad4)">
      <node ref="BAR1" pin="4" pinfunction="A" pintype="passive"/>
      <node ref="U1" pin="22" pinfunction="RD3" pintype="bidirectional"/>
    </net>
    <net code="7" name="Net-(BAR1-Pad5)">
      <node ref="BAR1" pin="5" pinfunction="A" pintype="passive"/>
      <node ref="U1" pin="27" pinfunction="RD4" pintype="bidirectional"/>
    </net>
    <net code="8" name="Net-(BAR1-Pad6)">
      <node ref="BAR1" pin="6" pinfunction="A" pintype="passive"/>
      <node ref="U1" pin="28" pinfunction="RD5" pintype="bidirectional"/>
    </net>
    <net code="9" name="Net-(BAR1-Pad7)">
      <node ref="BAR1" pin="7" pinfunction="A" pintype="passive"/>
      <node ref="U1" pin="29" pinfunction="RD6" pintype="bidirectional"/>
    </net>
    <net code="10" name="Net-(BAR1-Pad8)">
      <node ref="BAR1" pin="8" pinfunction="A" pintype="passive"/>
      <node ref="U1" pin="30" pinfunction="RD7" pintype="bidirectional"/>
    </net>
    <net code="11" name="Net-(BAR1-Pad11)">
      <node ref="BAR1" pin="11" pinfunction="K" pintype="passive"/>
      <node ref="R9" pin="1" pintype="passive"/>
    </net>
    <net code="12" name="Net-(BAR1-Pad13)">
      <node ref="BAR1" pin="13" pinfunction="K" pintype="passive"/>
      <node ref="R8" pin="1" pintype="passive"/>
    </net>
    <net code="13" name="Net-(BAR1-Pad14)">
      <node ref="BAR1" pin="14" pinfunction="K" pintype="passive"/>
      <node ref="R7" pin="1" pintype="passive"/>
    </net>
    <net code="14" name="Net-(BAR1-Pad15)">
      <node ref="BAR1" pin="15" pinfunction="K" pintype="passive"/>
      <node ref="R6" pin="1" pintype="passive"/>
    </net>
    <net code="15" name="Net-(BAR1-Pad16)">
      <node ref="BAR1" pin="16" pinfunction="K" pintype="passive"/>
      <node ref="R5" pin="1" pintype="passive"/>
    </net>
    <net code="16" name="Net-(BAR1-Pad17)">
      <node ref="BAR1" pin="17" pinfunction="K" pintype="passive"/>
      <node ref="R4" pin="1" pintype="passive"/>
    </net>
    <net code="17" name="Net-(BAR1-Pad18)">
      <node ref="BAR1" pin="18" pinfunction="K" pintype="passive"/>
      <node ref="R3" pin="1" pintype="passive"/>
    </net>
    <net code="18" name="Net-(BAR1-Pad19)">
      <node ref="BAR1" pin="19" pinfunction="K" pintype="passive"/>
      <node ref="R2" pin="1" pintype="passive"/>
    </net>
    <net code="19" name="Net-(BAR1-Pad20)">
      <node ref="BAR1" pin="20" pinfunction="K" pintype="passive"/>
      <node ref="R1" pin="1" pintype="passive"/>
    </net>
    <net code="20" name="Net-(C1-Pad1)">
      <node ref="C1" pin="1" pintype="passive"/>
      <node ref="D1" pin="1" pinfunction="A" pintype="passive"/>
      <node ref="R10" pin="2" pintype="passive"/>
    </net>
    <net code="21" name="Net-(C12-Pad1)">
      <node ref="C12" pin="1" pintype="passive"/>
      <node ref="R47" pin="2" pintype="passive"/>
      <node ref="U6" pin="5" pinfunction="~{RESET}" pintype="bidirectional"/>
    </net>
    <net code="22" name="Net-(D1-Pad2)">
      <node ref="D1" pin="2" pinfunction="K" pintype="passive"/>
      <node ref="J1" pin="1" pintype="bidirectional"/>
      <node ref="U1" pin="1" pinfunction="RE3/~{MCLR}/VPP" pintype="bidirectional"/>
    </net>
    <net code="23" name="Net-(J2-Pad1)">
      <node ref="J2" pin="1" pintype="power_out"/>
      <node ref="SW8" pin="1" pinfunction="A" pintype="passive"/>
    </net>
    <net code="24" name="Net-(JP1-Pad1)">
      <node ref="JP1" pin="1" pintype="bidirectional"/>
      <node ref="R16" pin="2" pintype="passive"/>
      <node ref="U4" pin="8" pinfunction="BTN1_OUT" pintype="bidirectional"/>
    </net>
    <net code="25" name="Net-(R11-Pad1)">
      <node ref="R11" pin="1" pintype="passive"/>
      <node ref="U2" pin="7" pinfunction="BTN1_IN" pintype="bidirectional"/>
    </net>
    <net code="26" name="Net-(R12-Pad1)">
      <node ref="R12" pin="1" pintype="passive"/>
      <node ref="U3" pin="7" pinfunction="BTN1_IN" pintype="bidirectional"/>
    </net>
    <net code="27" name="Net-(R13-Pad1)">
      <node ref="R13" pin="1" pintype="passive"/>
      <node ref="U4" pin="7" pinfunction="BTN1_IN" pintype="bidirectional"/>
    </net>
    <net code="28" name="Net-(R17-Pad1)">
      <node ref="R17" pin="1" pintype="passive"/>
      <node ref="SW1" pin="2" pinfunction="2" pintype="passive"/>
    </net>
    <net code="29" name="Net-(R19-Pad1)">
      <node ref="R19" pin="1" pintype="passive"/>
      <node ref="SW2" pin="2" pinfunction="2" pintype="passive"/>
    </net>
    <net code="30" name="Net-(R21-Pad1)">
      <node ref="R21" pin="1" pintype="passive"/>
      <node ref="SW3" pin="2" pinfunction="2" pintype="passive"/>
    </net>
    <net code="31" name="Net-(R23-Pad1)">
      <node ref="R23" pin="1" pintype="passive"/>
      <node ref="SW4" pin="2" pinfunction="2" pintype="passive"/>
    </net>
    <net code="32" name="Net-(R25-Pad1)">
      <node ref="R25" pin="1" pintype="passive"/>
      <node ref="SW5" pin="2" pinfunction="B" pintype="passive"/>
    </net>
    <net code="33" name="Net-(R27-Pad1)">
      <node ref="R27" pin="1" pintype="passive"/>
      <node ref="SW6" pin="2" pinfunction="B" pintype="passive"/>
    </net>
    <net code="34" name="Net-(R29-Pad1)">
      <node ref="R29" pin="1" pintype="passive"/>
      <node ref="SW7" pin="16" pintype="passive"/>
    </net>
    <net code="35" name="Net-(R31-Pad1)">
      <node ref="R31" pin="1" pintype="passive"/>
      <node ref="SW7" pin="15" pintype="passive"/>
    </net>
    <net code="36" name="Net-(R33-Pad1)">
      <node ref="R33" pin="1" pintype="passive"/>
      <node ref="SW7" pin="14" pintype="passive"/>
    </net>
    <net code="37" name="Net-(R35-Pad1)">
      <node ref="R35" pin="1" pintype="passive"/>
      <node ref="SW7" pin="13" pintype="passive"/>
    </net>
    <net code="38" name="Net-(R37-Pad1)">
      <node ref="R37" pin="1" pintype="passive"/>
      <node ref="SW7" pin="12" pintype="passive"/>
    </net>
    <net code="39" name="Net-(R39-Pad1)">
      <node ref="R39" pin="1" pintype="passive"/>
      <node ref="SW7" pin="11" pintype="passive"/>
    </net>
    <net code="40" name="Net-(R41-Pad1)">
      <node ref="R41" pin="1" pintype="passive"/>
      <node ref="SW7" pin="10" pintype="passive"/>
    </net>
    <net code="41" name="Net-(R43-Pad1)">
      <node ref="R43" pin="1" pintype="passive"/>
      <node ref="SW7" pin="9" pintype="passive"/>
    </net>
    <net code="42" name="RA0{slash}JOY1UD">
      <node ref="C6" pin="1" pintype="passive"/>
      <node ref="U1" pin="2" pinfunction="RA0" pintype="bidirectional"/>
      <node ref="U4" pin="2" pinfunction="U/D_OUT" pintype="bidirectional"/>
    </net>
    <net code="43" name="RA1{slash}JOY1LR">
      <node ref="C7" pin="2" pintype="passive"/>
      <node ref="U1" pin="3" pinfunction="RA1" pintype="bidirectional"/>
      <node ref="U4" pin="5" pinfunction="L/R_OUT" pintype="bidirectional"/>
    </net>
    <net code="44" name="RA2{slash}JOY2UD">
      <node ref="C4" pin="1" pintype="passive"/>
      <node ref="U1" pin="4" pinfunction="RA2" pintype="bidirectional"/>
      <node ref="U3" pin="2" pinfunction="U/D_OUT" pintype="bidirectional"/>
    </net>
    <net code="45" name="RA3{slash}JOY2LR">
      <node ref="C5" pin="2" pintype="passive"/>
      <node ref="U1" pin="5" pinfunction="RA3" pintype="bidirectional"/>
      <node ref="U3" pin="5" pinfunction="L/R_OUT" pintype="bidirectional"/>
    </net>
    <net code="46" name="RA4{slash}BTN1">
      <node ref="R18" pin="2" pintype="passive"/>
      <node ref="SW1" pin="1" pinfunction="1" pintype="passive"/>
      <node ref="U1" pin="6" pinfunction="RA4" pintype="bidirectional"/>
    </net>
    <net code="47" name="RA5{slash}JOY3UD">
      <node ref="C2" pin="1" pintype="passive"/>
      <node ref="U1" pin="7" pinfunction="RA5" pintype="bidirectional"/>
      <node ref="U2" pin="2" pinfunction="U/D_OUT" pintype="bidirectional"/>
    </net>
    <net code="48" name="RA6{slash}TRIGGER1">
      <node ref="R26" pin="2" pintype="passive"/>
      <node ref="SW5" pin="1" pinfunction="A" pintype="passive"/>
      <node ref="U1" pin="14" pinfunction="RA6" pintype="bidirectional"/>
    </net>
    <net code="49" name="RA7{slash}TRIGGER2">
      <node ref="R28" pin="2" pintype="passive"/>
      <node ref="SW6" pin="1" pinfunction="A" pintype="passive"/>
      <node ref="U1" pin="13" pinfunction="RA7" pintype="bidirectional"/>
    </net>
    <net code="50" name="RB0{slash}RBT_ADR_0">
      <node ref="R44" pin="2" pintype="passive"/>
      <node ref="SW7" pin="8" pintype="passive"/>
      <node ref="U1" pin="33" pinfunction="RB0" pintype="bidirectional"/>
    </net>
    <net code="51" name="RB1{slash}RBT_ADR_1">
      <node ref="R42" pin="2" pintype="passive"/>
      <node ref="SW7" pin="7" pintype="passive"/>
      <node ref="U1" pin="34" pinfunction="RB1" pintype="bidirectional"/>
    </net>
    <net code="52" name="RB2{slash}RBT_ADR_2">
      <node ref="R40" pin="2" pintype="passive"/>
      <node ref="SW7" pin="6" pintype="passive"/>
      <node ref="U1" pin="35" pinfunction="RB2" pintype="bidirectional"/>
    </net>
    <net code="53" name="RB3{slash}RBT_ADR_3">
      <node ref="R38" pin="2" pintype="passive"/>
      <node ref="SW7" pin="5" pintype="passive"/>
      <node ref="U1" pin="36" pinfunction="RB3" pintype="bidirectional"/>
    </net>
    <net code="54" name="RB4{slash}RBT_ADR_4">
      <node ref="R36" pin="2" pintype="passive"/>
      <node ref="SW7" pin="4" pintype="passive"/>
      <node ref="U1" pin="37" pinfunction="RB4" pintype="bidirectional"/>
    </net>
    <net code="55" name="RB5{slash}RBT_ADR_5">
      <node ref="R34" pin="2" pintype="passive"/>
      <node ref="SW7" pin="3" pintype="passive"/>
      <node ref="U1" pin="38" pinfunction="RB5" pintype="bidirectional"/>
    </net>
    <net code="56" name="RB6{slash}RBT_ADR_6">
      <node ref="J1" pin="5" pintype="bidirectional"/>
      <node ref="R32" pin="2" pintype="passive"/>
      <node ref="SW7" pin="2" pintype="passive"/>
      <node ref="U1" pin="39" pinfunction="ICSPCLK/RB6" pintype="bidirectional"/>
    </net>
    <net code="57" name="RB7{slash}MDE_SLCT">
      <node ref="J1" pin="4" pintype="bidirectional"/>
      <node ref="R30" pin="2" pintype="passive"/>
      <node ref="SW7" pin="1" pintype="passive"/>
      <node ref="U1" pin="40" pinfunction="ICSPDAT/RB7" pintype="bidirectional"/>
    </net>
    <net code="58" name="RC0{slash}BTN4">
      <node ref="R24" pin="2" pintype="passive"/>
      <node ref="SW4" pin="1" pinfunction="1" pintype="passive"/>
      <node ref="U1" pin="15" pinfunction="RC0" pintype="bidirectional"/>
    </net>
    <net code="59" name="RC1{slash}JOYBTN1">
      <node ref="JP1" pin="2" pintype="bidirectional"/>
      <node ref="U1" pin="16" pinfunction="RC1" pintype="bidirectional"/>
    </net>
    <net code="60" name="RC2{slash}JOYBTN2">
      <node ref="JP1" pin="3" pintype="bidirectional"/>
      <node ref="R15" pin="2" pintype="passive"/>
      <node ref="U1" pin="17" pinfunction="RC2" pintype="bidirectional"/>
      <node ref="U3" pin="8" pinfunction="BTN1_OUT" pintype="bidirectional"/>
    </net>
    <net code="61" name="RC3{slash}SCL">
      <node ref="J3" pin="2" pintype="bidirectional"/>
      <node ref="R45" pin="2" pintype="passive"/>
      <node ref="U1" pin="18" pinfunction="RC3/SCL" pintype="bidirectional"/>
    </net>
    <net code="62" name="RC4{slash}SDA">
      <node ref="J3" pin="3" pintype="bidirectional"/>
      <node ref="R46" pin="2" pintype="passive"/>
      <node ref="U1" pin="23" pinfunction="RC4/SDA" pintype="bidirectional"/>
    </net>
    <net code="63" name="RC5{slash}JOYBTN3">
      <node ref="R14" pin="2" pintype="passive"/>
      <node ref="U1" pin="24" pinfunction="RC5" pintype="bidirectional"/>
      <node ref="U2" pin="8" pinfunction="BTN1_OUT" pintype="bidirectional"/>
    </net>
    <net code="64" name="RC6{slash}TX">
      <node ref="U1" pin="25" pinfunction="RC6/TX" pintype="bidirectional"/>
      <node ref="U6" pin="3" pinfunction="DIN" pintype="bidirectional"/>
    </net>
    <net code="65" name="RC7{slash}RX">
      <node ref="U1" pin="26" pinfunction="RC7/RX" pintype="bidirectional"/>
      <node ref="U6" pin="2" pinfunction="DOUT" pintype="bidirectional"/>
    </net>
    <net code="66" name="RE0{slash}JOY3LR">
      <node ref="C3" pin="2" pintype="passive"/>
      <node ref="U1" pin="8" pinfunction="RE0" pintype="bidirectional"/>
      <node ref="U2" pin="5" pinfunction="L/R_OUT" pintype="bidirectional"/>
    </net>
    <net code="67" name="RE1{slash}BTN2">
      <node ref="R20" pin="2" pintype="passive"/>
      <node ref="SW2" pin="1" pinfunction="1" pintype="passive"/>
      <node ref="U1" pin="9" pinfunction="RE1" pintype="bidirectional"/>
    </net>
    <net code="68" name="RE2{slash}BTN3">
      <node ref="R22" pin="2" pintype="passive"/>
      <node ref="SW3" pin="1" pinfunction="1" pintype="passive"/>
      <node ref="U1" pin="10" pinfunction="RE2" pintype="bidirectional"/>
    </net>
    <net code="69" name="VCC">
      <node ref="C8" pin="1" pintype="passive"/>
      <node ref="C9" pin="1" pintype="passive"/>
      <node ref="SW8" pin="2" pinfunction="B" pintype="passive"/>
      <node ref="U5" pin="3" pinfunction="VI" pintype="power_out"/>
    </net>
    <net code="70" name="unconnected-(BAR1-Pad9)">
      <node ref="BAR1" pin="9" pinfunction="A" pintype="passive+no_connect"/>
    </net>
    <net code="71" name="unconnected-(BAR1-Pad12)">
      <node ref="BAR1" pin="12" pinfunction="K" pintype="passive+no_connect"/>
    </net>
    <net code="72" name="unconnected-(U6-Pad4)">
      <node ref="U6" pin="4" pinfunction="D8" pintype="bidirectional+no_connect"/>
    </net>
    <net code="73" name="unconnected-(U6-Pad6)">
      <node ref="U6" pin="6" pinfunction="PWM0/RSSI" pintype="bidirectional+no_connect"/>
    </net>
    <net code="74" name="unconnected-(U6-Pad7)">
      <node ref="U6" pin="7" pinfunction="PWM1" pintype="bidirectional+no_connect"/>
    </net>
    <net code="75" name="unconnected-(U6-Pad8)">
      <node ref="U6" pin="8" pinfunction="NC" pintype="bidirectional+no_connect"/>
    </net>
    <net code="76" name="unconnected-(U6-Pad9)">
      <node ref="U6" pin="9" pinfunction="DTR/SLEEP" pintype="bidirectional+no_connect"/>
    </net>
    <net code="77" name="unconnected-(U6-Pad11)">
      <node ref="U6" pin="11" pinfunction="AD4/DIO4" pintype="bidirectional+no_connect"/>
    </net>
    <net code="78" name="unconnected-(U6-Pad12)">
      <node ref="U6" pin="12" pinfunction="~{CTS}/DIO7" pintype="bidirectional+no_connect"/>
    </net>
    <net code="79" name="unconnected-(U6-Pad13)">
      <node ref="U6" pin="13" pinfunction="ON/~{SLEEP}" pintype="bidirectional+no_connect"/>
    </net>
    <net code="80" name="unconnected-(U6-Pad14)">
      <node ref="U6" pin="14" pinfunction="VREF" pintype="bidirectional+no_connect"/>
    </net>
    <net code="81" name="unconnected-(U6-Pad15)">
      <node ref="U6" pin="15" pinfunction="AD5/DIO5" pintype="bidirectional+no_connect"/>
    </net>
    <net code="82" name="unconnected-(U6-Pad16)">
      <node ref="U6" pin="16" pinfunction="~{RTS}/AD6/DIO6" pintype="bidirectional+no_connect"/>
    </net>
    <net code="83" name="unconnected-(U6-Pad17)">
      <node ref="U6" pin="17" pinfunction="AD3/DIO3" pintype="bidirectional+no_connect"/>
    </net>
    <net code="84" name="unconnected-(U6-Pad18)">
      <node ref="U6" pin="18" pinfunction="AD2/DIO2" pintype="bidirectional+no_connect"/>
    </net>
    <net code="85" name="unconnected-(U6-Pad19)">
      <node ref="U6" pin="19" pinfunction="AD1/DIO1" pintype="bidirectional+no_connect"/>
    </net>
    <net code="86" name="unconnected-(U6-Pad20)">
      <node ref="U6" pin="20" pinfunction="AD0/DIO0" pintype="bidirectional+no_connect"/>
    </net>
  </nets>
</export>
